pos_likelihood,neg_likelihood
0.0,1.0
0.0048000000000000395,0.9952
0.012800000000000011,0.9872
0.016000000000000014,0.984
0.020800000000000055,0.9792
0.046400000000000004,0.9536
0.054400000000000046,0.9456
0.056000000000000015,0.944
0.057600000000000054,0.9423999999999999
0.059200000000000016,0.9408
0.08160000000000003,0.9184
0.0864,0.9136
0.08960000000000001,0.9104
0.09120000000000004,0.9087999999999999
0.09440000000000005,0.9056
0.09440000000000005,0.9056
0.09440000000000005,0.9056
0.09600000000000002,0.904
0.09600000000000002,0.904
0.09760000000000005,0.9024
0.09920000000000001,0.9008
0.10080000000000006,0.8992
0.10080000000000006,0.8992
0.10400000000000005,0.8959999999999999
0.11359999999999999,0.8864
0.1168,0.8832
0.1168,0.8832
0.12,0.88
0.12160000000000004,0.8784
0.12480000000000004,0.8752
0.136,0.864
0.14240000000000003,0.8575999999999999
0.1536,0.8464
0.15840000000000004,0.8415999999999999
0.16,0.84
0.16160000000000005,0.8383999999999999
0.16160000000000005,0.8383999999999999
0.1632,0.8368
0.1664,0.8336
0.1728,0.8271999999999999
0.17440000000000005,0.8255999999999999
0.17440000000000005,0.8255999999999999
0.17440000000000005,0.8255999999999999
0.17760000000000006,0.8223999999999999
0.17760000000000006,0.8223999999999999
0.17760000000000006,0.8223999999999999
0.17760000000000006,0.8223999999999999
0.18560000000000001,0.8144
0.18720000000000006,0.8128
0.1904,0.8096
0.19200000000000003,0.8079999999999999
0.19520000000000004,0.8048
0.19840000000000002,0.8016
0.19840000000000002,0.8016
0.20000000000000004,0.7999999999999999
0.20000000000000004,0.7999999999999999
0.20000000000000004,0.7999999999999999
0.20160000000000003,0.7984
0.2096,0.7904
0.2112,0.7888
0.21280000000000002,0.7872
0.2144,0.7856
0.2144,0.7856
0.2144,0.7856
0.21600000000000003,0.784
0.21760000000000002,0.7824
0.21760000000000002,0.7824
0.2192,0.7807999999999999
0.22240000000000001,0.7776
0.22240000000000001,0.7776
0.22240000000000001,0.7776
0.22400000000000003,0.776
0.22400000000000003,0.776
0.22400000000000003,0.776
0.22560000000000002,0.7744
0.2272,0.7727999999999999
0.2272,0.7727999999999999
0.2272,0.7727999999999999
0.2272,0.7727999999999999
0.22880000000000003,0.7712
0.22880000000000003,0.7712
0.23040000000000002,0.7696
0.23200000000000004,0.768
0.23360000000000003,0.7664
0.23360000000000003,0.7664
0.23520000000000002,0.7647999999999999
0.23520000000000002,0.7647999999999999
0.23520000000000002,0.7647999999999999
0.23520000000000002,0.7647999999999999
0.23680000000000004,0.7632
0.23680000000000004,0.7632
0.23680000000000004,0.7632
0.23680000000000004,0.7632
0.23840000000000003,0.7615999999999999
0.23840000000000003,0.7615999999999999
0.24320000000000003,0.7567999999999999
0.24320000000000003,0.7567999999999999
0.24320000000000003,0.7567999999999999
0.24480000000000005,0.7552
0.24480000000000005,0.7552
0.24480000000000005,0.7552
0.24640000000000004,0.7535999999999999
0.24640000000000004,0.7535999999999999
0.24640000000000004,0.7535999999999999
0.2528,0.7472
0.2528,0.7472
0.2528,0.7472
0.2544,0.7456
0.2544,0.7456
0.2544,0.7456
0.2544,0.7456
0.256,0.744
0.2576,0.7424
0.25920000000000004,0.7407999999999999
0.26080000000000003,0.7392
0.26080000000000003,0.7392
0.26080000000000003,0.7392
0.26080000000000003,0.7392
0.26080000000000003,0.7392
0.26080000000000003,0.7392
0.2624,0.7376
0.2624,0.7376
0.2624,0.7376
0.264,0.736
0.264,0.736
0.2656,0.7343999999999999
0.26720000000000005,0.7327999999999999
0.26720000000000005,0.7327999999999999
0.26880000000000004,0.7312
0.26880000000000004,0.7312
0.27040000000000003,0.7296
0.272,0.728
0.2736,0.7263999999999999
0.2736,0.7263999999999999
0.2736,0.7263999999999999
0.2736,0.7263999999999999
0.2736,0.7263999999999999
0.2736,0.7263999999999999
0.27520000000000006,0.7247999999999999
0.27520000000000006,0.7247999999999999
0.27680000000000005,0.7232
0.27840000000000004,0.7216
0.27840000000000004,0.7216
0.28,0.72
0.28,0.72
0.28,0.72
0.2816,0.7183999999999999
0.28320000000000006,0.7167999999999999
0.28320000000000006,0.7167999999999999
0.28480000000000005,0.7152
0.28640000000000004,0.7136
0.28800000000000003,0.712
0.28800000000000003,0.712
0.2912,0.7088
0.2912,0.7088
0.2912,0.7088
0.2912,0.7088
0.2944,0.7056
0.29600000000000004,0.704
0.29760000000000003,0.7023999999999999
0.29760000000000003,0.7023999999999999
0.29760000000000003,0.7023999999999999
0.29760000000000003,0.7023999999999999
0.2992,0.7008
0.3008,0.6992
0.3008,0.6992
0.3024,0.6976
0.30400000000000005,0.696
0.30400000000000005,0.696
0.30720000000000003,0.6928
0.30720000000000003,0.6928
0.30720000000000003,0.6928
0.30720000000000003,0.6928
0.3088,0.6912
0.3088,0.6912
0.3088,0.6912
0.3104,0.6896
0.3104,0.6896
0.3104,0.6896
0.3104,0.6896
0.3104,0.6896
0.3104,0.6896
0.31200000000000006,0.688
0.31200000000000006,0.688
0.31200000000000006,0.688
0.31360000000000005,0.6863999999999999
0.31520000000000004,0.6848
0.31520000000000004,0.6848
0.3168,0.6832
0.3168,0.6832
0.3168,0.6832
0.3168,0.6832
0.3184,0.6816
0.3184,0.6816
0.32,0.6799999999999999
0.32,0.6799999999999999
0.32,0.6799999999999999
0.32,0.6799999999999999
0.32160000000000005,0.6783999999999999
0.32160000000000005,0.6783999999999999
0.3232000000000001,0.6767999999999998
0.3232000000000001,0.6767999999999998
0.3232000000000001,0.6767999999999998
0.3232000000000001,0.6767999999999998
0.3232000000000001,0.6767999999999998
0.3232000000000001,0.6767999999999998
0.32480000000000003,0.6752
0.32480000000000003,0.6752
0.32480000000000003,0.6752
0.32480000000000003,0.6752
0.3264,0.6736
0.3264,0.6736
0.3264,0.6736
0.3264,0.6736
0.32800000000000007,0.6719999999999999
0.32800000000000007,0.6719999999999999
0.32800000000000007,0.6719999999999999
0.32800000000000007,0.6719999999999999
0.3296,0.6704
0.3296,0.6704
0.3296,0.6704
0.3296,0.6704
0.3296,0.6704
0.33120000000000005,0.6688
0.3328,0.6672
0.3344,0.6656
0.3344,0.6656
0.3344,0.6656
0.336,0.6639999999999999
0.336,0.6639999999999999
0.336,0.6639999999999999
0.33760000000000007,0.6623999999999999
0.33760000000000007,0.6623999999999999
0.3392,0.6608
0.3408,0.6592
0.3408,0.6592
0.34240000000000004,0.6576
0.34240000000000004,0.6576
0.34240000000000004,0.6576
0.34240000000000004,0.6576
0.3440000000000001,0.6559999999999999
0.3440000000000001,0.6559999999999999
0.3440000000000001,0.6559999999999999
0.3472,0.6528
0.3472,0.6528
0.3472,0.6528
0.3488,0.6512
0.35040000000000004,0.6496
0.35040000000000004,0.6496
0.35040000000000004,0.6496
0.35200000000000004,0.6479999999999999
0.35200000000000004,0.6479999999999999
0.35200000000000004,0.6479999999999999
0.35200000000000004,0.6479999999999999
0.35359999999999997,0.6464000000000001
0.35359999999999997,0.6464000000000001
0.35359999999999997,0.6464000000000001
0.35359999999999997,0.6464000000000001
0.35359999999999997,0.6464000000000001
0.35359999999999997,0.6464000000000001
0.35359999999999997,0.6464000000000001
0.35359999999999997,0.6464000000000001
0.3552,0.6448
0.3552,0.6448
0.35840000000000005,0.6416
0.35840000000000005,0.6416
0.36,0.64
0.36,0.64
0.36,0.64
0.36,0.64
0.36,0.64
0.36160000000000003,0.6384
0.36160000000000003,0.6384
0.3632,0.6368
0.3632,0.6368
0.3648,0.6352
0.3648,0.6352
0.3648,0.6352
0.3664,0.6335999999999999
0.3664,0.6335999999999999
0.36800000000000005,0.6319999999999999
0.3696,0.6304000000000001
0.3696,0.6304000000000001
0.3696,0.6304000000000001
0.3696,0.6304000000000001
0.37120000000000003,0.6288
0.37120000000000003,0.6288
0.37120000000000003,0.6288
0.37120000000000003,0.6288
0.37120000000000003,0.6288
0.37120000000000003,0.6288
0.37120000000000003,0.6288
0.3728,0.6272
0.3728,0.6272
0.37440000000000007,0.6255999999999999
0.37440000000000007,0.6255999999999999
0.376,0.624
0.376,0.624
0.376,0.624
0.376,0.624
0.376,0.624
0.37760000000000005,0.6224
0.37760000000000005,0.6224
0.37760000000000005,0.6224
0.37760000000000005,0.6224
0.37920000000000004,0.6208
0.37920000000000004,0.6208
0.38079999999999997,0.6192
0.38079999999999997,0.6192
,
0.3824,0.6175999999999999
0.3824,0.6175999999999999
0.38400000000000006,0.6159999999999999
0.38400000000000006,0.6159999999999999
0.38400000000000006,0.6159999999999999
0.3856,0.6144000000000001
0.3856,0.6144000000000001
0.3856,0.6144000000000001
0.3872,0.6128
0.3872,0.6128
0.3872,0.6128
0.3872,0.6128
0.3872,0.6128
0.38880000000000003,0.6112
0.3904000000000001,0.6095999999999999
0.3904000000000001,0.6095999999999999
0.3904000000000001,0.6095999999999999
0.3904000000000001,0.6095999999999999
0.392,0.608
0.392,0.608
0.3936,0.6064
0.3936,0.6064
0.3936,0.6064
0.39520000000000005,0.6048
0.39520000000000005,0.6048
0.39520000000000005,0.6048
0.39520000000000005,0.6048
0.39520000000000005,0.6048
0.39680000000000004,0.6032
0.39680000000000004,0.6032
0.39680000000000004,0.6032
0.39680000000000004,0.6032
0.39680000000000004,0.6032
0.39840000000000003,0.6015999999999999
0.39840000000000003,0.6015999999999999
0.39840000000000003,0.6015999999999999
0.39840000000000003,0.6015999999999999
0.39840000000000003,0.6015999999999999
0.4,0.6
0.4,0.6
0.4,0.6
0.4,0.6
0.4,0.6
0.4016,0.5984
0.4016,0.5984
0.4016,0.5984
0.4016,0.5984
0.4032,0.5968
0.4032,0.5968
0.4032,0.5968
0.4032,0.5968
0.4032,0.5968
0.40480000000000005,0.5952
0.40480000000000005,0.5952
0.40480000000000005,0.5952
0.40480000000000005,0.5952
0.40480000000000005,0.5952
0.40480000000000005,0.5952
0.40480000000000005,0.5952
0.40480000000000005,0.5952
0.40480000000000005,0.5952
0.4064,0.5936
0.4064,0.5936
0.40800000000000003,0.592
0.40800000000000003,0.592
0.4096,0.5904
0.4096,0.5904
0.41120000000000007,0.5888
0.41120000000000007,0.5888
0.41120000000000007,0.5888
0.41120000000000007,0.5888
0.41120000000000007,0.5888
0.41120000000000007,0.5888
0.41120000000000007,0.5888
0.41120000000000007,0.5888
0.41120000000000007,0.5888
0.41120000000000007,0.5888
0.4128,0.5871999999999999
0.4128,0.5871999999999999
0.4128,0.5871999999999999
0.4128,0.5871999999999999
0.4128,0.5871999999999999
0.41440000000000005,0.5855999999999999
0.41440000000000005,0.5855999999999999
0.41600000000000004,0.584
0.41600000000000004,0.584
0.41600000000000004,0.584
0.41600000000000004,0.584
0.41600000000000004,0.584
0.4176,0.5824
0.4176,0.5824
0.4176,0.5824
0.4176,0.5824
0.4192,0.5808
0.4192,0.5808
0.4192,0.5808
0.4192,0.5808
0.4192,0.5808
0.4192,0.5808
0.4192,0.5808
0.4208,0.5791999999999999
0.4208,0.5791999999999999
0.4208,0.5791999999999999
0.4208,0.5791999999999999
0.4208,0.5791999999999999
0.4208,0.5791999999999999
0.4224,0.5776
0.4224,0.5776
0.4224,0.5776
0.4224,0.5776
0.4224,0.5776
0.42400000000000004,0.576
0.42400000000000004,0.576
0.42400000000000004,0.576
0.42400000000000004,0.576
0.42400000000000004,0.576
0.42400000000000004,0.576
0.42400000000000004,0.576
0.42400000000000004,0.576
0.42400000000000004,0.576
0.42400000000000004,0.576
0.42400000000000004,0.576
0.42560000000000003,0.5744
0.42560000000000003,0.5744
0.42719999999999997,0.5728
0.42719999999999997,0.5728
0.42719999999999997,0.5728
0.42719999999999997,0.5728
0.42719999999999997,0.5728
0.42719999999999997,0.5728
0.42719999999999997,0.5728
0.4288,0.5711999999999999
0.4288,0.5711999999999999
0.4288,0.5711999999999999
0.4288,0.5711999999999999
0.4288,0.5711999999999999
0.4288,0.5711999999999999
0.43040000000000006,0.5695999999999999
0.43040000000000006,0.5695999999999999
0.43040000000000006,0.5695999999999999
0.43040000000000006,0.5695999999999999
0.43040000000000006,0.5695999999999999
0.43040000000000006,0.5695999999999999
0.43040000000000006,0.5695999999999999
0.43040000000000006,0.5695999999999999
0.43040000000000006,0.5695999999999999
0.43200000000000005,0.568
0.43200000000000005,0.568
0.43200000000000005,0.568
0.43200000000000005,0.568
0.4336,0.5664
0.4336,0.5664
0.4336,0.5664
0.4336,0.5664
0.4336,0.5664
0.4336,0.5664
0.4336,0.5664
0.4336,0.5664
0.4336,0.5664
0.4336,0.5664
0.4336,0.5664
0.4336,0.5664
0.4336,0.5664
0.43520000000000003,0.5648
0.43520000000000003,0.5648
0.43520000000000003,0.5648
0.43520000000000003,0.5648
0.43520000000000003,0.5648
0.4368,0.5631999999999999
0.4368,0.5631999999999999
0.4368,0.5631999999999999
0.4368,0.5631999999999999
0.4368,0.5631999999999999
0.4384,0.5616
0.4384,0.5616
0.4384,0.5616
0.4384,0.5616
0.4384,0.5616
0.44,0.56
0.44,0.56
0.44,0.56
0.44,0.56
0.44,0.56
0.44,0.56
0.44,0.56
0.44,0.56
0.44,0.56
0.44,0.56
0.44,0.56
0.44160000000000005,0.5584
0.44160000000000005,0.5584
0.44160000000000005,0.5584
0.44160000000000005,0.5584
0.44160000000000005,0.5584
0.44160000000000005,0.5584
0.44160000000000005,0.5584
0.44160000000000005,0.5584
0.44160000000000005,0.5584
0.44160000000000005,0.5584
0.4432,0.5568
0.4432,0.5568
0.4432,0.5568
0.4432,0.5568
0.44480000000000003,0.5551999999999999
0.44480000000000003,0.5551999999999999
0.44480000000000003,0.5551999999999999
0.44480000000000003,0.5551999999999999
0.44480000000000003,0.5551999999999999
0.44480000000000003,0.5551999999999999
0.44480000000000003,0.5551999999999999
0.44480000000000003,0.5551999999999999
0.44480000000000003,0.5551999999999999
0.44480000000000003,0.5551999999999999
0.44480000000000003,0.5551999999999999
0.44480000000000003,0.5551999999999999
0.4464,0.5536
0.4464,0.5536
0.4464,0.5536
0.4464,0.5536
0.4464,0.5536
0.4464,0.5536
0.4464,0.5536
0.4464,0.5536
0.4464,0.5536
0.44800000000000006,0.5519999999999999
0.44800000000000006,0.5519999999999999
0.44800000000000006,0.5519999999999999
0.44800000000000006,0.5519999999999999
0.44800000000000006,0.5519999999999999
0.4496,0.5504
0.4496,0.5504
0.4496,0.5504
0.4496,0.5504
0.4496,0.5504
0.4496,0.5504
0.45120000000000005,0.5488
0.45120000000000005,0.5488
0.45120000000000005,0.5488
0.45120000000000005,0.5488
0.45120000000000005,0.5488
0.45120000000000005,0.5488
0.45120000000000005,0.5488
0.45120000000000005,0.5488
0.45120000000000005,0.5488
0.45120000000000005,0.5488
0.45280000000000004,0.5471999999999999
0.45280000000000004,0.5471999999999999
0.45280000000000004,0.5471999999999999
0.45280000000000004,0.5471999999999999
0.45280000000000004,0.5471999999999999
0.45280000000000004,0.5471999999999999
0.45280000000000004,0.5471999999999999
0.45280000000000004,0.5471999999999999
0.4544,0.5456
0.4544,0.5456
0.4544,0.5456
0.4544,0.5456
0.4544,0.5456
0.4544,0.5456
0.4544,0.5456
0.4544,0.5456
0.4544,0.5456
0.4544,0.5456
0.4544,0.5456
0.4544,0.5456
0.4544,0.5456
0.456,0.544
0.456,0.544
0.456,0.544
0.456,0.544
0.456,0.544
0.456,0.544
0.456,0.544
0.456,0.544
0.456,0.544
0.456,0.544
0.456,0.544
0.456,0.544
0.456,0.544
0.45760000000000006,0.5424
0.45760000000000006,0.5424
0.45760000000000006,0.5424
0.45760000000000006,0.5424
0.45760000000000006,0.5424
0.45760000000000006,0.5424
0.45760000000000006,0.5424
0.45760000000000006,0.5424
0.45760000000000006,0.5424
0.4592,0.5408
0.4592,0.5408
0.4592,0.5408
0.4592,0.5408
0.4592,0.5408
0.4592,0.5408
0.4592,0.5408
0.4592,0.5408
0.4592,0.5408
0.4592,0.5408
0.46080000000000004,0.5391999999999999
0.46080000000000004,0.5391999999999999
0.46080000000000004,0.5391999999999999
0.46080000000000004,0.5391999999999999
0.46080000000000004,0.5391999999999999
0.46080000000000004,0.5391999999999999
0.46080000000000004,0.5391999999999999
0.46080000000000004,0.5391999999999999
0.46080000000000004,0.5391999999999999
0.46080000000000004,0.5391999999999999
0.46080000000000004,0.5391999999999999
0.46080000000000004,0.5391999999999999
0.46080000000000004,0.5391999999999999
0.46080000000000004,0.5391999999999999
0.46240000000000003,0.5376
0.46240000000000003,0.5376
0.46240000000000003,0.5376
0.46240000000000003,0.5376
0.46240000000000003,0.5376
0.46240000000000003,0.5376
0.46240000000000003,0.5376
0.46240000000000003,0.5376
0.46240000000000003,0.5376
0.46240000000000003,0.5376
0.46240000000000003,0.5376
0.46240000000000003,0.5376
0.46240000000000003,0.5376
0.46240000000000003,0.5376
0.46240000000000003,0.5376
0.46240000000000003,0.5376
0.4640000000000001,0.5359999999999999
0.4640000000000001,0.5359999999999999
0.4640000000000001,0.5359999999999999
0.4640000000000001,0.5359999999999999
0.4640000000000001,0.5359999999999999
0.4640000000000001,0.5359999999999999
0.4640000000000001,0.5359999999999999
0.4640000000000001,0.5359999999999999
0.4640000000000001,0.5359999999999999
0.4640000000000001,0.5359999999999999
0.4640000000000001,0.5359999999999999
0.4656,0.5344
0.4656,0.5344
0.4656,0.5344
0.4656,0.5344
0.4656,0.5344
0.4656,0.5344
0.4656,0.5344
0.4672,0.5327999999999999
0.4672,0.5327999999999999
0.4672,0.5327999999999999
0.4672,0.5327999999999999
0.4672,0.5327999999999999
0.4672,0.5327999999999999
0.4672,0.5327999999999999
0.4672,0.5327999999999999
0.4672,0.5327999999999999
0.4672,0.5327999999999999
0.4672,0.5327999999999999
0.4672,0.5327999999999999
0.4672,0.5327999999999999
0.4672,0.5327999999999999
0.46880000000000005,0.5311999999999999
0.46880000000000005,0.5311999999999999
0.46880000000000005,0.5311999999999999
0.46880000000000005,0.5311999999999999
0.46880000000000005,0.5311999999999999
0.46880000000000005,0.5311999999999999
0.46880000000000005,0.5311999999999999
0.46880000000000005,0.5311999999999999
0.46880000000000005,0.5311999999999999
0.47040000000000004,0.5296
0.47040000000000004,0.5296
0.47040000000000004,0.5296
0.47040000000000004,0.5296
0.47040000000000004,0.5296
0.47040000000000004,0.5296
0.47040000000000004,0.5296
0.47040000000000004,0.5296
0.47040000000000004,0.5296
0.47040000000000004,0.5296
0.47040000000000004,0.5296
0.47040000000000004,0.5296
0.47040000000000004,0.5296
0.47200000000000003,0.528
0.47200000000000003,0.528
0.47200000000000003,0.528
0.47200000000000003,0.528
0.47200000000000003,0.528
0.47200000000000003,0.528
0.47200000000000003,0.528
0.47200000000000003,0.528
0.47200000000000003,0.528
0.47200000000000003,0.528
0.47200000000000003,0.528
0.4736,0.5264
0.4736,0.5264
0.4736,0.5264
0.4736,0.5264
0.4736,0.5264
0.4736,0.5264
0.4736,0.5264
0.4736,0.5264
0.4752,0.5247999999999999
0.4752,0.5247999999999999
0.4752,0.5247999999999999
0.4752,0.5247999999999999
0.4752,0.5247999999999999
0.4752,0.5247999999999999
0.4752,0.5247999999999999
0.4752,0.5247999999999999
0.4752,0.5247999999999999
0.4752,0.5247999999999999
0.4752,0.5247999999999999
0.4768,0.5232
0.4768,0.5232
0.4768,0.5232
0.4768,0.5232
0.4768,0.5232
0.4768,0.5232
0.4768,0.5232
0.4768,0.5232
0.4768,0.5232
0.4768,0.5232
0.4768,0.5232
0.4768,0.5232
0.4768,0.5232
0.47840000000000005,0.5216
0.47840000000000005,0.5216
0.47840000000000005,0.5216
0.47840000000000005,0.5216
0.47840000000000005,0.5216
0.47840000000000005,0.5216
0.47840000000000005,0.5216
0.47840000000000005,0.5216
0.47840000000000005,0.5216
0.47840000000000005,0.5216
0.47840000000000005,0.5216
0.48,0.52
0.48,0.52
0.48,0.52
0.48,0.52
0.48,0.52
0.48,0.52
0.48,0.52
0.48,0.52
0.48,0.52
0.48,0.52
0.48,0.52
0.48,0.52
0.48,0.52
0.48160000000000003,0.5184
0.48160000000000003,0.5184
0.48160000000000003,0.5184
0.48160000000000003,0.5184
0.48160000000000003,0.5184
0.48160000000000003,0.5184
0.48160000000000003,0.5184
0.48160000000000003,0.5184
0.48160000000000003,0.5184
0.4832,0.5167999999999999
0.4832,0.5167999999999999
0.4832,0.5167999999999999
0.4832,0.5167999999999999
0.4832,0.5167999999999999
0.4832,0.5167999999999999
0.4832,0.5167999999999999
0.4832,0.5167999999999999
0.4832,0.5167999999999999
0.4832,0.5167999999999999
0.4832,0.5167999999999999
0.4832,0.5167999999999999
0.4832,0.5167999999999999
0.4832,0.5167999999999999
0.4832,0.5167999999999999
0.4832,0.5167999999999999
0.4832,0.5167999999999999
0.4832,0.5167999999999999
0.4832,0.5167999999999999
0.4832,0.5167999999999999
0.4832,0.5167999999999999
0.48480000000000006,0.5151999999999999
0.48480000000000006,0.5151999999999999
0.48480000000000006,0.5151999999999999
0.48480000000000006,0.5151999999999999
0.48480000000000006,0.5151999999999999
0.48480000000000006,0.5151999999999999
0.48480000000000006,0.5151999999999999
0.48480000000000006,0.5151999999999999
0.48480000000000006,0.5151999999999999
0.48480000000000006,0.5151999999999999
0.48480000000000006,0.5151999999999999
0.48480000000000006,0.5151999999999999
0.48480000000000006,0.5151999999999999
0.48480000000000006,0.5151999999999999
0.48480000000000006,0.5151999999999999
0.48480000000000006,0.5151999999999999
0.48480000000000006,0.5151999999999999
0.48480000000000006,0.5151999999999999
0.4864,0.5136000000000001
0.4864,0.5136000000000001
0.4864,0.5136000000000001
0.4864,0.5136000000000001
0.4864,0.5136000000000001
0.4864,0.5136000000000001
0.4864,0.5136000000000001
0.4864,0.5136000000000001
0.4864,0.5136000000000001
0.4864,0.5136000000000001
0.4864,0.5136000000000001
0.4864,0.5136000000000001
0.4864,0.5136000000000001
0.4864,0.5136000000000001
0.48800000000000004,0.512
0.48800000000000004,0.512
0.48800000000000004,0.512
0.48800000000000004,0.512
0.48800000000000004,0.512
0.48800000000000004,0.512
0.48800000000000004,0.512
0.48800000000000004,0.512
0.48800000000000004,0.512
0.48800000000000004,0.512
0.48800000000000004,0.512
0.48800000000000004,0.512
0.48800000000000004,0.512
0.48960000000000004,0.5104
0.48960000000000004,0.5104
0.48960000000000004,0.5104
0.48960000000000004,0.5104
0.48960000000000004,0.5104
0.48960000000000004,0.5104
0.48960000000000004,0.5104
0.48960000000000004,0.5104
0.48960000000000004,0.5104
0.48960000000000004,0.5104
0.48960000000000004,0.5104
0.48960000000000004,0.5104
0.48960000000000004,0.5104
0.48960000000000004,0.5104
0.48960000000000004,0.5104
0.48960000000000004,0.5104
0.48960000000000004,0.5104
0.48960000000000004,0.5104
0.48960000000000004,0.5104
0.4912,0.5087999999999999
0.4912,0.5087999999999999
0.4912,0.5087999999999999
0.4912,0.5087999999999999
0.4912,0.5087999999999999
0.4912,0.5087999999999999
0.4912,0.5087999999999999
0.4912,0.5087999999999999
0.4912,0.5087999999999999
0.4912,0.5087999999999999
0.4912,0.5087999999999999
0.4912,0.5087999999999999
0.4912,0.5087999999999999
0.4912,0.5087999999999999
0.4912,0.5087999999999999
0.4928,0.5072
0.4928,0.5072
0.4928,0.5072
0.4928,0.5072
0.4928,0.5072
0.4928,0.5072
0.4928,0.5072
0.4928,0.5072
0.49440000000000006,0.5055999999999999
0.49440000000000006,0.5055999999999999
0.49440000000000006,0.5055999999999999
0.49440000000000006,0.5055999999999999
0.49440000000000006,0.5055999999999999
0.49440000000000006,0.5055999999999999
0.49440000000000006,0.5055999999999999
0.49440000000000006,0.5055999999999999
0.49440000000000006,0.5055999999999999
0.49440000000000006,0.5055999999999999
0.49440000000000006,0.5055999999999999
0.49440000000000006,0.5055999999999999
0.49440000000000006,0.5055999999999999
0.49440000000000006,0.5055999999999999
0.49440000000000006,0.5055999999999999
0.496,0.504
0.496,0.504
0.496,0.504
0.496,0.504
0.496,0.504
0.496,0.504
0.496,0.504
0.496,0.504
0.496,0.504
0.496,0.504
0.496,0.504
0.496,0.504
0.496,0.504
0.49760000000000004,0.5024
0.49760000000000004,0.5024
0.49760000000000004,0.5024
0.49760000000000004,0.5024
0.49760000000000004,0.5024
0.49760000000000004,0.5024
0.49760000000000004,0.5024
0.49760000000000004,0.5024
0.49920000000000003,0.5007999999999999
0.49920000000000003,0.5007999999999999
0.49920000000000003,0.5007999999999999
0.49920000000000003,0.5007999999999999
0.49920000000000003,0.5007999999999999
0.49920000000000003,0.5007999999999999
0.49920000000000003,0.5007999999999999
0.49920000000000003,0.5007999999999999
0.49920000000000003,0.5007999999999999
0.49920000000000003,0.5007999999999999
0.49920000000000003,0.5007999999999999
0.5008,0.4992
0.5008,0.4992
0.5008,0.4992
0.5008,0.4992
0.5008,0.4992
0.5008,0.4992
0.5008,0.4992
0.5008,0.4992
0.5008,0.4992
0.5008,0.4992
0.5008,0.4992
0.5008,0.4992
0.5008,0.4992
0.5008,0.4992
0.5008,0.4992
0.5024000000000001,0.49759999999999993
0.5024000000000001,0.49759999999999993
0.5024000000000001,0.49759999999999993
0.5024000000000001,0.49759999999999993
0.5024000000000001,0.49759999999999993
0.5024000000000001,0.49759999999999993
0.5024000000000001,0.49759999999999993
0.5024000000000001,0.49759999999999993
0.5024000000000001,0.49759999999999993
0.5024000000000001,0.49759999999999993
0.504,0.496
0.504,0.496
0.504,0.496
0.504,0.496
0.504,0.496
0.504,0.496
0.504,0.496
0.504,0.496
0.504,0.496
0.504,0.496
0.504,0.496
0.504,0.496
0.504,0.496
0.504,0.496
0.5056,0.49439999999999995
0.5056,0.49439999999999995
0.5056,0.49439999999999995
0.5056,0.49439999999999995
0.5056,0.49439999999999995
0.5056,0.49439999999999995
0.5056,0.49439999999999995
0.5056,0.49439999999999995
0.5056,0.49439999999999995
0.5072000000000001,0.4927999999999999
0.5072000000000001,0.4927999999999999
0.5072000000000001,0.4927999999999999
0.5072000000000001,0.4927999999999999
0.5072000000000001,0.4927999999999999
0.5072000000000001,0.4927999999999999
0.5072000000000001,0.4927999999999999
0.5072000000000001,0.4927999999999999
0.5072000000000001,0.4927999999999999
0.5072000000000001,0.4927999999999999
0.5072000000000001,0.4927999999999999
0.5072000000000001,0.4927999999999999
0.5088,0.49119999999999997
0.5088,0.49119999999999997
0.5088,0.49119999999999997
0.5088,0.49119999999999997
0.5088,0.49119999999999997
0.5088,0.49119999999999997
0.5088,0.49119999999999997
0.5088,0.49119999999999997
0.5088,0.49119999999999997
0.5088,0.49119999999999997
0.5088,0.49119999999999997
0.5088,0.49119999999999997
0.5088,0.49119999999999997
0.5088,0.49119999999999997
0.5088,0.49119999999999997
0.5088,0.49119999999999997
0.5104,0.48960000000000004
0.5104,0.48960000000000004
0.5104,0.48960000000000004
0.5104,0.48960000000000004
0.5104,0.48960000000000004
0.5104,0.48960000000000004
0.5104,0.48960000000000004
0.5104,0.48960000000000004
0.5104,0.48960000000000004
0.5104,0.48960000000000004
0.5104,0.48960000000000004
0.5104,0.48960000000000004
0.5104,0.48960000000000004
0.5104,0.48960000000000004
0.5104,0.48960000000000004
0.5104,0.48960000000000004
0.5104,0.48960000000000004
0.512,0.488
0.512,0.488
0.512,0.488
0.512,0.488
0.512,0.488
0.512,0.488
0.512,0.488
0.512,0.488
0.512,0.488
0.512,0.488
0.512,0.488
0.512,0.488
0.512,0.488
0.512,0.488
0.5136,0.48640000000000005
0.5136,0.48640000000000005
0.5136,0.48640000000000005
0.5136,0.48640000000000005
0.5136,0.48640000000000005
0.5136,0.48640000000000005
0.5136,0.48640000000000005
0.5136,0.48640000000000005
0.5136,0.48640000000000005
0.5136,0.48640000000000005
0.5136,0.48640000000000005
0.5136,0.48640000000000005
0.5136,0.48640000000000005
0.5136,0.48640000000000005
0.5136,0.48640000000000005
0.5136,0.48640000000000005
0.5136,0.48640000000000005
0.5136,0.48640000000000005
0.5152,0.4848
0.5152,0.4848
0.5152,0.4848
0.5152,0.4848
0.5152,0.4848
0.5152,0.4848
0.5152,0.4848
0.5152,0.4848
0.5152,0.4848
0.5152,0.4848
0.5152,0.4848
0.5152,0.4848
0.5152,0.4848
0.5152,0.4848
0.5152,0.4848
0.5152,0.4848
0.5168,0.48319999999999996
0.5168,0.48319999999999996
0.5168,0.48319999999999996
0.5168,0.48319999999999996
0.5168,0.48319999999999996
0.5168,0.48319999999999996
0.5168,0.48319999999999996
0.5168,0.48319999999999996
0.5168,0.48319999999999996
0.5168,0.48319999999999996
0.5168,0.48319999999999996
0.5168,0.48319999999999996
0.5168,0.48319999999999996
0.5168,0.48319999999999996
0.5168,0.48319999999999996
0.5168,0.48319999999999996
0.5168,0.48319999999999996
0.5168,0.48319999999999996
0.5168,0.48319999999999996
0.5184000000000001,0.4815999999999999
0.5184000000000001,0.4815999999999999
0.5184000000000001,0.4815999999999999
0.5184000000000001,0.4815999999999999
0.5184000000000001,0.4815999999999999
0.5184000000000001,0.4815999999999999
0.5184000000000001,0.4815999999999999
0.5184000000000001,0.4815999999999999
0.5184000000000001,0.4815999999999999
0.5184000000000001,0.4815999999999999
0.5184000000000001,0.4815999999999999
0.5184000000000001,0.4815999999999999
0.52,0.48
0.52,0.48
0.52,0.48
0.52,0.48
0.52,0.48
0.52,0.48
0.52,0.48
0.52,0.48
0.52,0.48
0.52,0.48
0.52,0.48
0.52,0.48
0.52,0.48
0.52,0.48
0.5216000000000001,0.47839999999999994
0.5216000000000001,0.47839999999999994
0.5216000000000001,0.47839999999999994
0.5216000000000001,0.47839999999999994
0.5216000000000001,0.47839999999999994
0.5216000000000001,0.47839999999999994
0.5216000000000001,0.47839999999999994
0.5216000000000001,0.47839999999999994
0.5216000000000001,0.47839999999999994
0.5232,0.4768
0.5232,0.4768
0.5232,0.4768
0.5232,0.4768
0.5232,0.4768
0.5232,0.4768
0.5232,0.4768
0.5232,0.4768
0.5232,0.4768
0.5232,0.4768
0.5232,0.4768
0.5232,0.4768
0.5232,0.4768
0.5232,0.4768
0.5232,0.4768
0.5232,0.4768
0.5232,0.4768
0.5232,0.4768
0.5248,0.47519999999999996
0.5248,0.47519999999999996
0.5248,0.47519999999999996
0.5248,0.47519999999999996
0.5248,0.47519999999999996
0.5248,0.47519999999999996
0.5248,0.47519999999999996
0.5248,0.47519999999999996
0.5248,0.47519999999999996
0.5248,0.47519999999999996
0.5248,0.47519999999999996
0.5248,0.47519999999999996
0.5248,0.47519999999999996
0.5264,0.4736
0.5264,0.4736
0.5264,0.4736
0.5264,0.4736
0.5264,0.4736
0.5264,0.4736
0.5264,0.4736
0.5264,0.4736
0.5264,0.4736
0.5264,0.4736
0.5264,0.4736
0.5264,0.4736
0.5264,0.4736
0.5264,0.4736
0.528,0.472
0.528,0.472
0.528,0.472
0.528,0.472
0.528,0.472
0.528,0.472
0.528,0.472
0.528,0.472
0.528,0.472
0.528,0.472
0.528,0.472
0.528,0.472
0.528,0.472
0.528,0.472
0.528,0.472
0.528,0.472
0.5296,0.47040000000000004
0.5296,0.47040000000000004
0.5296,0.47040000000000004
0.5296,0.47040000000000004
0.5296,0.47040000000000004
0.5296,0.47040000000000004
0.5296,0.47040000000000004
0.5296,0.47040000000000004
0.5296,0.47040000000000004
0.5296,0.47040000000000004
0.5296,0.47040000000000004
0.5296,0.47040000000000004
0.5296,0.47040000000000004
0.5312,0.4688
0.5312,0.4688
0.5312,0.4688
0.5312,0.4688
0.5312,0.4688
0.5312,0.4688
0.5312,0.4688
0.5312,0.4688
0.5312,0.4688
0.5312,0.4688
0.5312,0.4688
0.5312,0.4688
0.5328,0.46719999999999995
0.5328,0.46719999999999995
0.5328,0.46719999999999995
0.5328,0.46719999999999995
0.5328,0.46719999999999995
0.5328,0.46719999999999995
0.5328,0.46719999999999995
0.5328,0.46719999999999995
0.5344000000000001,0.4655999999999999
0.5344000000000001,0.4655999999999999
0.5344000000000001,0.4655999999999999
0.5344000000000001,0.4655999999999999
0.5344000000000001,0.4655999999999999
0.5344000000000001,0.4655999999999999
0.5344000000000001,0.4655999999999999
0.5344000000000001,0.4655999999999999
0.5344000000000001,0.4655999999999999
0.5344000000000001,0.4655999999999999
0.5344000000000001,0.4655999999999999
0.5344000000000001,0.4655999999999999
0.536,0.46399999999999997
0.536,0.46399999999999997
0.536,0.46399999999999997
0.536,0.46399999999999997
0.536,0.46399999999999997
0.536,0.46399999999999997
0.536,0.46399999999999997
0.536,0.46399999999999997
0.536,0.46399999999999997
0.536,0.46399999999999997
0.536,0.46399999999999997
0.536,0.46399999999999997
0.536,0.46399999999999997
0.536,0.46399999999999997
0.536,0.46399999999999997
0.5376000000000001,0.4623999999999999
0.5376000000000001,0.4623999999999999
0.5376000000000001,0.4623999999999999
0.5376000000000001,0.4623999999999999
0.5376000000000001,0.4623999999999999
0.5376000000000001,0.4623999999999999
0.5376000000000001,0.4623999999999999
0.5376000000000001,0.4623999999999999
0.5376000000000001,0.4623999999999999
0.5392,0.4608
0.5392,0.4608
0.5392,0.4608
0.5392,0.4608
0.5392,0.4608
0.5392,0.4608
0.5392,0.4608
0.5392,0.4608
0.5392,0.4608
0.5392,0.4608
0.5408000000000001,0.45919999999999994
0.5408000000000001,0.45919999999999994
0.5408000000000001,0.45919999999999994
0.5408000000000001,0.45919999999999994
0.5408000000000001,0.45919999999999994
0.5408000000000001,0.45919999999999994
0.5408000000000001,0.45919999999999994
0.5408000000000001,0.45919999999999994
0.5408000000000001,0.45919999999999994
0.5408000000000001,0.45919999999999994
0.5408000000000001,0.45919999999999994
0.5408000000000001,0.45919999999999994
0.5408000000000001,0.45919999999999994
0.5424,0.4576
0.5424,0.4576
0.5424,0.4576
0.5424,0.4576
0.5424,0.4576
0.5424,0.4576
0.5424,0.4576
0.5424,0.4576
0.5424,0.4576
0.5424,0.4576
0.5424,0.4576
0.5424,0.4576
0.544,0.45599999999999996
0.544,0.45599999999999996
0.544,0.45599999999999996
0.544,0.45599999999999996
0.544,0.45599999999999996
0.544,0.45599999999999996
0.544,0.45599999999999996
0.544,0.45599999999999996
0.544,0.45599999999999996
0.544,0.45599999999999996
0.5456,0.4544
0.5456,0.4544
0.5456,0.4544
0.5456,0.4544
0.5456,0.4544
0.5456,0.4544
0.5456,0.4544
0.5456,0.4544
0.5456,0.4544
0.5456,0.4544
0.5456,0.4544
0.5472,0.4528
0.5472,0.4528
0.5472,0.4528
0.5472,0.4528
0.5472,0.4528
0.5472,0.4528
0.5472,0.4528
0.5472,0.4528
0.5472,0.4528
0.5472,0.4528
0.5472,0.4528
0.5488000000000001,0.45119999999999993
0.5488000000000001,0.45119999999999993
0.5488000000000001,0.45119999999999993
0.5488000000000001,0.45119999999999993
0.5488000000000001,0.45119999999999993
0.5488000000000001,0.45119999999999993
0.5488000000000001,0.45119999999999993
0.5488000000000001,0.45119999999999993
0.5488000000000001,0.45119999999999993
0.5488000000000001,0.45119999999999993
0.5504000000000001,0.4495999999999999
0.5504000000000001,0.4495999999999999
0.5504000000000001,0.4495999999999999
0.5504000000000001,0.4495999999999999
0.5504000000000001,0.4495999999999999
0.5504000000000001,0.4495999999999999
0.5504000000000001,0.4495999999999999
0.5504000000000001,0.4495999999999999
0.5504000000000001,0.4495999999999999
0.5504000000000001,0.4495999999999999
0.5504000000000001,0.4495999999999999
0.552,0.44799999999999995
0.552,0.44799999999999995
0.552,0.44799999999999995
0.552,0.44799999999999995
0.552,0.44799999999999995
0.552,0.44799999999999995
0.5536,0.4464
0.5536,0.4464
0.5536,0.4464
0.5536,0.4464
0.5536,0.4464
0.5536,0.4464
0.5536,0.4464
0.5536,0.4464
0.5536,0.4464
0.5536,0.4464
0.5536,0.4464
0.5552,0.4448
0.5552,0.4448
0.5552,0.4448
0.5552,0.4448
0.5552,0.4448
0.5552,0.4448
0.5552,0.4448
0.5552,0.4448
0.5552,0.4448
0.5552,0.4448
0.5552,0.4448
0.5552,0.4448
0.5552,0.4448
0.5552,0.4448
0.5552,0.4448
0.5568,0.44320000000000004
0.5568,0.44320000000000004
0.5568,0.44320000000000004
0.5568,0.44320000000000004
0.5568,0.44320000000000004
0.5568,0.44320000000000004
0.5568,0.44320000000000004
0.5568,0.44320000000000004
0.5568,0.44320000000000004
0.5568,0.44320000000000004
0.5584,0.4416
0.5584,0.4416
0.5584,0.4416
0.5584,0.4416
0.5584,0.4416
0.5584,0.4416
0.5584,0.4416
0.5584,0.4416
0.5584,0.4416
0.5584,0.4416
0.5584,0.4416
0.5584,0.4416
0.56,0.43999999999999995
0.56,0.43999999999999995
0.56,0.43999999999999995
0.56,0.43999999999999995
0.56,0.43999999999999995
0.56,0.43999999999999995
0.56,0.43999999999999995
0.56,0.43999999999999995
0.56,0.43999999999999995
0.56,0.43999999999999995
0.56,0.43999999999999995
0.5616,0.4384
0.5616,0.4384
0.5616,0.4384
0.5616,0.4384
0.5616,0.4384
0.5616,0.4384
0.5632,0.43679999999999997
0.5632,0.43679999999999997
0.5632,0.43679999999999997
0.5632,0.43679999999999997
0.5632,0.43679999999999997
0.5632,0.43679999999999997
0.5632,0.43679999999999997
0.5632,0.43679999999999997
0.5632,0.43679999999999997
0.5632,0.43679999999999997
0.5632,0.43679999999999997
0.5648000000000001,0.4351999999999999
0.5648000000000001,0.4351999999999999
0.5648000000000001,0.4351999999999999
0.5648000000000001,0.4351999999999999
0.5648000000000001,0.4351999999999999
0.5648000000000001,0.4351999999999999
0.5648000000000001,0.4351999999999999
0.5648000000000001,0.4351999999999999
0.5648000000000001,0.4351999999999999
0.5648000000000001,0.4351999999999999
0.5648000000000001,0.4351999999999999
0.5648000000000001,0.4351999999999999
0.5648000000000001,0.4351999999999999
0.5648000000000001,0.4351999999999999
0.5648000000000001,0.4351999999999999
0.5664,0.4336
0.5664,0.4336
0.5664,0.4336
0.5664,0.4336
0.5664,0.4336
0.5664,0.4336
0.5664,0.4336
0.5680000000000001,0.43199999999999994
0.5680000000000001,0.43199999999999994
0.5680000000000001,0.43199999999999994
0.5680000000000001,0.43199999999999994
0.5680000000000001,0.43199999999999994
0.5680000000000001,0.43199999999999994
0.5680000000000001,0.43199999999999994
0.5680000000000001,0.43199999999999994
0.5680000000000001,0.43199999999999994
0.5680000000000001,0.43199999999999994
0.5696,0.4304
0.5696,0.4304
0.5696,0.4304
0.5696,0.4304
0.5696,0.4304
0.5696,0.4304
0.5696,0.4304
0.5696,0.4304
0.5696,0.4304
0.5696,0.4304
0.5712,0.42879999999999996
0.5712,0.42879999999999996
0.5712,0.42879999999999996
0.5712,0.42879999999999996
0.5712,0.42879999999999996
0.5712,0.42879999999999996
0.5712,0.42879999999999996
0.5712,0.42879999999999996
0.5712,0.42879999999999996
0.5712,0.42879999999999996
0.5712,0.42879999999999996
0.5728,0.4272
0.5728,0.4272
0.5728,0.4272
0.5728,0.4272
0.5728,0.4272
0.5728,0.4272
0.5728,0.4272
0.5728,0.4272
0.5728,0.4272
0.5728,0.4272
0.5728,0.4272
0.5728,0.4272
0.5744,0.4256
0.5744,0.4256
0.5744,0.4256
0.5744,0.4256
0.5744,0.4256
0.5744,0.4256
0.5744,0.4256
0.5744,0.4256
0.5744,0.4256
0.5744,0.4256
0.5744,0.4256
0.5744,0.4256
0.5744,0.4256
0.5760000000000001,0.42399999999999993
0.5760000000000001,0.42399999999999993
0.5760000000000001,0.42399999999999993
0.5760000000000001,0.42399999999999993
0.5760000000000001,0.42399999999999993
0.5760000000000001,0.42399999999999993
0.5776,0.4224
0.5776,0.4224
0.5776,0.4224
0.5776,0.4224
0.5776,0.4224
0.5776,0.4224
0.5776,0.4224
0.5776,0.4224
0.5776,0.4224
0.5776,0.4224
0.5776,0.4224
0.5792,0.42079999999999995
0.5792,0.42079999999999995
0.5792,0.42079999999999995
0.5792,0.42079999999999995
0.5792,0.42079999999999995
0.5792,0.42079999999999995
0.5792,0.42079999999999995
0.5792,0.42079999999999995
0.5792,0.42079999999999995
0.5792,0.42079999999999995
0.5792,0.42079999999999995
0.5808000000000001,0.4191999999999999
0.5808000000000001,0.4191999999999999
0.5808000000000001,0.4191999999999999
0.5808000000000001,0.4191999999999999
0.5808000000000001,0.4191999999999999
0.5808000000000001,0.4191999999999999
0.5824,0.41759999999999997
0.5824,0.41759999999999997
0.5824,0.41759999999999997
0.5824,0.41759999999999997
0.5824,0.41759999999999997
0.5840000000000001,0.4159999999999999
0.5840000000000001,0.4159999999999999
0.5840000000000001,0.4159999999999999
0.5840000000000001,0.4159999999999999
0.5840000000000001,0.4159999999999999
0.5840000000000001,0.4159999999999999
0.5840000000000001,0.4159999999999999
0.5856,0.4144
0.5856,0.4144
0.5856,0.4144
0.5871999999999999,0.41280000000000006
0.5871999999999999,0.41280000000000006
0.5871999999999999,0.41280000000000006
0.5871999999999999,0.41280000000000006
0.5871999999999999,0.41280000000000006
0.5871999999999999,0.41280000000000006
0.5871999999999999,0.41280000000000006
0.5871999999999999,0.41280000000000006
0.5888,0.4112
0.5888,0.4112
0.5888,0.4112
0.5888,0.4112
0.5888,0.4112
0.5888,0.4112
0.5888,0.4112
0.5904,0.40959999999999996
0.5904,0.40959999999999996
0.5904,0.40959999999999996
0.5904,0.40959999999999996
0.5904,0.40959999999999996
0.5904,0.40959999999999996
0.5904,0.40959999999999996
0.5920000000000001,0.4079999999999999
0.5920000000000001,0.4079999999999999
0.5920000000000001,0.4079999999999999
0.5920000000000001,0.4079999999999999
0.5920000000000001,0.4079999999999999
0.5920000000000001,0.4079999999999999
0.5920000000000001,0.4079999999999999
0.5936,0.4064
0.5936,0.4064
0.5936,0.4064
0.5936,0.4064
0.5936,0.4064
0.5936,0.4064
0.5936,0.4064
0.5936,0.4064
0.5952000000000001,0.40479999999999994
0.5952000000000001,0.40479999999999994
0.5952000000000001,0.40479999999999994
0.5952000000000001,0.40479999999999994
0.5952000000000001,0.40479999999999994
0.5952000000000001,0.40479999999999994
0.5952000000000001,0.40479999999999994
0.5968000000000001,0.4031999999999999
0.5968000000000001,0.4031999999999999
0.5968000000000001,0.4031999999999999
0.5968000000000001,0.4031999999999999
0.5968000000000001,0.4031999999999999
0.5968000000000001,0.4031999999999999
0.5984,0.40159999999999996
0.5984,0.40159999999999996
0.5984,0.40159999999999996
0.5984,0.40159999999999996
0.5984,0.40159999999999996
0.5984,0.40159999999999996
0.5984,0.40159999999999996
0.5984,0.40159999999999996
0.6,0.4
0.6,0.4
0.6,0.4
0.6,0.4
0.6,0.4
0.6,0.4
0.6016,0.3984
0.6016,0.3984
0.6016,0.3984
0.6016,0.3984
0.6016,0.3984
0.6016,0.3984
0.6016,0.3984
0.6032,0.39680000000000004
0.6032,0.39680000000000004
0.6032,0.39680000000000004
0.6032,0.39680000000000004
0.6032,0.39680000000000004
0.6032,0.39680000000000004
0.6048,0.3952
0.6048,0.3952
0.6048,0.3952
0.6048,0.3952
0.6064,0.39359999999999995
0.6064,0.39359999999999995
0.6064,0.39359999999999995
0.6064,0.39359999999999995
0.6064,0.39359999999999995
0.6064,0.39359999999999995
0.6064,0.39359999999999995
0.6064,0.39359999999999995
0.6064,0.39359999999999995
0.6064,0.39359999999999995
0.6080000000000001,0.3919999999999999
0.6080000000000001,0.3919999999999999
0.6080000000000001,0.3919999999999999
0.6080000000000001,0.3919999999999999
0.6096,0.39039999999999997
0.6096,0.39039999999999997
0.6096,0.39039999999999997
0.6096,0.39039999999999997
0.6096,0.39039999999999997
0.6096,0.39039999999999997
0.6096,0.39039999999999997
0.6096,0.39039999999999997
0.6112000000000001,0.3887999999999999
0.6112000000000001,0.3887999999999999
0.6112000000000001,0.3887999999999999
0.6112000000000001,0.3887999999999999
0.6112000000000001,0.3887999999999999
0.6128,0.3872
0.6128,0.3872
0.6128,0.3872
0.6128,0.3872
0.6128,0.3872
0.6128,0.3872
0.6128,0.3872
0.6128,0.3872
0.6144000000000001,0.38559999999999994
0.6144000000000001,0.38559999999999994
0.6144000000000001,0.38559999999999994
0.6144000000000001,0.38559999999999994
0.616,0.384
0.616,0.384
0.616,0.384
0.616,0.384
0.6176,0.38239999999999996
0.6176,0.38239999999999996
0.6176,0.38239999999999996
0.6176,0.38239999999999996
0.6176,0.38239999999999996
0.6176,0.38239999999999996
0.6192,0.3808
0.6192,0.3808
0.6192,0.3808
0.6192,0.3808
0.6192,0.3808
0.6192,0.3808
0.6192,0.3808
0.6208,0.3792
0.6208,0.3792
0.6208,0.3792
0.6208,0.3792
0.6208,0.3792
0.6224000000000001,0.37759999999999994
0.6224000000000001,0.37759999999999994
0.6224000000000001,0.37759999999999994
0.6240000000000001,0.3759999999999999
0.6240000000000001,0.3759999999999999
0.6240000000000001,0.3759999999999999
0.6240000000000001,0.3759999999999999
0.6240000000000001,0.3759999999999999
0.6240000000000001,0.3759999999999999
0.6256,0.37439999999999996
0.6256,0.37439999999999996
0.6256,0.37439999999999996
0.6256,0.37439999999999996
0.6272,0.3728
0.6272,0.3728
0.6272,0.3728
0.6272,0.3728
0.6272,0.3728
0.6272,0.3728
0.6288,0.3712
0.6288,0.3712
0.6288,0.3712
0.6288,0.3712
0.6288,0.3712
0.6304000000000001,0.36959999999999993
0.6304000000000001,0.36959999999999993
0.6304000000000001,0.36959999999999993
0.6304000000000001,0.36959999999999993
0.6304000000000001,0.36959999999999993
0.6304000000000001,0.36959999999999993
0.6304000000000001,0.36959999999999993
0.632,0.368
0.632,0.368
0.632,0.368
0.632,0.368
0.6335999999999999,0.36640000000000006
0.6335999999999999,0.36640000000000006
0.6335999999999999,0.36640000000000006
0.6335999999999999,0.36640000000000006
0.6335999999999999,0.36640000000000006
0.6352,0.3648
0.6352,0.3648
0.6352,0.3648
0.6352,0.3648
0.6352,0.3648
0.6352,0.3648
0.6368,0.36319999999999997
0.6368,0.36319999999999997
0.6368,0.36319999999999997
0.6384000000000001,0.3615999999999999
0.6384000000000001,0.3615999999999999
0.6384000000000001,0.3615999999999999
0.64,0.36
0.64,0.36
0.64,0.36
0.64,0.36
0.64,0.36
0.6416,0.35840000000000005
0.6416,0.35840000000000005
0.6416,0.35840000000000005
0.6416,0.35840000000000005
0.6416,0.35840000000000005
0.6416,0.35840000000000005
0.6432000000000001,0.3567999999999999
0.6432000000000001,0.3567999999999999
0.6432000000000001,0.3567999999999999
0.6448,0.35519999999999996
0.6448,0.35519999999999996
0.6448,0.35519999999999996
0.6448,0.35519999999999996
0.6448,0.35519999999999996
0.6448,0.35519999999999996
0.6448,0.35519999999999996
0.6464,0.3536
0.6464,0.3536
0.6464,0.3536
0.648,0.352
0.648,0.352
0.648,0.352
0.648,0.352
0.648,0.352
0.6496000000000001,0.35039999999999993
0.6496000000000001,0.35039999999999993
0.6496000000000001,0.35039999999999993
0.6496000000000001,0.35039999999999993
0.6512,0.3488
0.6512,0.3488
0.6512,0.3488
0.6512,0.3488
0.6528,0.34719999999999995
0.6528,0.34719999999999995
0.6544,0.3456
0.6544,0.3456
0.6560000000000001,0.34399999999999986
0.6560000000000001,0.34399999999999986
0.6576000000000001,0.3423999999999999
0.6576000000000001,0.3423999999999999
0.6576000000000001,0.3423999999999999
0.6576000000000001,0.3423999999999999
0.6592,0.3408
0.6592,0.3408
0.6592,0.3408
0.6592,0.3408
0.6592,0.3408
0.6607999999999999,0.33920000000000006
0.6607999999999999,0.33920000000000006
0.6607999999999999,0.33920000000000006
0.6607999999999999,0.33920000000000006
0.6607999999999999,0.33920000000000006
0.6624000000000001,0.3375999999999999
0.6624000000000001,0.3375999999999999
0.6624000000000001,0.3375999999999999
0.6624000000000001,0.3375999999999999
0.6624000000000001,0.3375999999999999
0.664,0.33599999999999997
0.664,0.33599999999999997
0.664,0.33599999999999997
0.6656,0.33440000000000003
0.6656,0.33440000000000003
0.6656,0.33440000000000003
0.6656,0.33440000000000003
0.6656,0.33440000000000003
0.6672,0.3328
0.6672,0.3328
0.6688,0.33120000000000005
0.6688,0.33120000000000005
0.6688,0.33120000000000005
0.6704000000000001,0.3295999999999999
0.6704000000000001,0.3295999999999999
0.6704000000000001,0.3295999999999999
0.6704000000000001,0.3295999999999999
0.6704000000000001,0.3295999999999999
0.672,0.32799999999999996
0.672,0.32799999999999996
0.672,0.32799999999999996
0.672,0.32799999999999996
0.672,0.32799999999999996
0.6736,0.3264
0.6736,0.3264
0.6736,0.3264
0.6736,0.3264
0.6736,0.3264
0.6736,0.3264
0.6736,0.3264
0.6752000000000001,0.32479999999999987
0.6752000000000001,0.32479999999999987
0.6752000000000001,0.32479999999999987
0.6752000000000001,0.32479999999999987
0.6768000000000001,0.32319999999999993
0.6768000000000001,0.32319999999999993
0.6768000000000001,0.32319999999999993
0.6768000000000001,0.32319999999999993
0.6784,0.3216
0.6784,0.3216
0.6784,0.3216
0.68,0.31999999999999995
0.68,0.31999999999999995
0.68,0.31999999999999995
0.68,0.31999999999999995
0.6816,0.3184
0.6832,0.31679999999999997
0.6848000000000001,0.3151999999999999
0.6864,0.3136
0.6864,0.3136
0.6864,0.3136
0.6880000000000002,0.31199999999999983
0.6880000000000002,0.31199999999999983
0.6880000000000002,0.31199999999999983
0.6880000000000002,0.31199999999999983
0.6896000000000001,0.3103999999999999
0.6896000000000001,0.3103999999999999
0.6896000000000001,0.3103999999999999
0.6912,0.30879999999999996
0.6912,0.30879999999999996
0.6912,0.30879999999999996
0.6912,0.30879999999999996
0.6912,0.30879999999999996
0.6912,0.30879999999999996
0.6928,0.30720000000000003
0.6928,0.30720000000000003
0.6944,0.3056
0.6944,0.3056
0.6944,0.3056
0.6944,0.3056
0.696,0.30400000000000005
0.696,0.30400000000000005
0.696,0.30400000000000005
0.696,0.30400000000000005
0.6992,0.30079999999999996
0.6992,0.30079999999999996
0.6992,0.30079999999999996
0.6992,0.30079999999999996
0.6992,0.30079999999999996
0.6992,0.30079999999999996
0.7008,0.2992
0.7008,0.2992
0.7024000000000001,0.29759999999999986
0.7040000000000001,0.29599999999999993
0.7040000000000001,0.29599999999999993
0.7056,0.2944
0.7056,0.2944
0.7056,0.2944
0.7056,0.2944
0.7071999999999999,0.29280000000000006
0.7071999999999999,0.29280000000000006
0.7104,0.28959999999999997
0.7104,0.28959999999999997
0.7120000000000001,0.2879999999999999
0.7120000000000001,0.2879999999999999
0.7120000000000001,0.2879999999999999
0.7120000000000001,0.2879999999999999
0.7120000000000001,0.2879999999999999
0.7152000000000001,0.28479999999999994
0.7152000000000001,0.28479999999999994
0.7168000000000001,0.2831999999999999
0.7168000000000001,0.2831999999999999
0.7184,0.28159999999999996
0.72,0.28
0.72,0.28
0.7216,0.2784
0.7216,0.2784
0.7216,0.2784
0.7248,0.2752
0.7248,0.2752
0.7248,0.2752
0.7248,0.2752
0.7248,0.2752
0.7248,0.2752
0.7280000000000001,0.2719999999999999
0.7280000000000001,0.2719999999999999
0.7280000000000001,0.2719999999999999
0.7312000000000001,0.26879999999999993
0.7312000000000001,0.26879999999999993
0.7328,0.2672
0.7343999999999999,0.26560000000000006
0.7343999999999999,0.26560000000000006
0.7343999999999999,0.26560000000000006
0.736,0.264
0.7376,0.26239999999999997
0.7376,0.26239999999999997
0.7392,0.26080000000000003
0.7392,0.26080000000000003
0.7392,0.26080000000000003
0.7392,0.26080000000000003
0.7408,0.2592
0.7408,0.2592
0.7440000000000001,0.2559999999999999
0.7440000000000001,0.2559999999999999
0.7456,0.25439999999999996
0.7456,0.25439999999999996
0.7487999999999999,0.2512000000000001
0.7504000000000001,0.24959999999999993
0.752,0.248
0.7536,0.24639999999999995
0.7536,0.24639999999999995
0.7552000000000001,0.2447999999999999
0.7552000000000001,0.2447999999999999
0.7568,0.24319999999999997
0.7584000000000001,0.24159999999999993
0.76,0.24
0.7615999999999999,0.23840000000000006
0.7615999999999999,0.23840000000000006
0.7615999999999999,0.23840000000000006
0.7615999999999999,0.23840000000000006
0.7632000000000001,0.2367999999999999
0.7632000000000001,0.2367999999999999
0.7648,0.23519999999999996
0.7664,0.23360000000000003
0.7680000000000001,0.23199999999999987
0.7680000000000001,0.23199999999999987
0.7712,0.2288
0.7712,0.2288
0.7728,0.22719999999999996
0.7728,0.22719999999999996
0.7728,0.22719999999999996
0.7744,0.22560000000000002
0.7744,0.22560000000000002
0.7759999999999999,0.2240000000000001
0.7776000000000001,0.22239999999999993
0.7792,0.2208
0.7807999999999999,0.21920000000000006
0.7807999999999999,0.21920000000000006
0.7856000000000001,0.21439999999999992
0.7856000000000001,0.21439999999999992
0.7872,0.2128
0.7888,0.21120000000000005
0.7888,0.21120000000000005
0.7904000000000001,0.2095999999999999
0.7952000000000001,0.20479999999999987
0.7952000000000001,0.20479999999999987
0.7968000000000001,0.20319999999999994
0.7968000000000001,0.20319999999999994
0.7984,0.2016
0.7984,0.2016
0.8,0.19999999999999996
0.8,0.19999999999999996
0.8032,0.19679999999999997
0.8064,0.1936
0.8064,0.1936
0.8080000000000002,0.19199999999999984
0.8112,0.18879999999999997
0.8128,0.18720000000000003
0.816,0.18400000000000005
0.8192,0.18079999999999996
0.8208,0.17920000000000003
0.8224000000000001,0.17759999999999987
0.8224000000000001,0.17759999999999987
0.8224000000000001,0.17759999999999987
0.8240000000000001,0.17599999999999993
0.8256,0.1744
0.8271999999999999,0.17280000000000006
0.8288,0.17120000000000002
0.8303999999999999,0.16960000000000008
0.8352,0.16479999999999995
0.8368000000000001,0.1631999999999999
0.8416,0.15839999999999999
0.8448,0.1552
0.8464,0.15359999999999996
0.8496000000000001,0.15039999999999987
0.8496000000000001,0.15039999999999987
0.856,0.14400000000000002
0.856,0.14400000000000002
0.8592,0.14080000000000004
0.8592,0.14080000000000004
0.8608000000000001,0.13919999999999988
0.8608000000000001,0.13919999999999988
0.8640000000000001,0.1359999999999999
0.8687999999999999,0.1312000000000001
0.8704,0.12960000000000005
0.8704,0.12960000000000005
0.8736,0.12639999999999996
0.8736,0.12639999999999996
0.8768,0.12319999999999998
0.8784000000000001,0.12159999999999993
0.8815999999999999,0.11840000000000006
0.8864,0.11360000000000003
0.8864,0.11360000000000003
0.8896000000000001,0.11039999999999994
0.8896000000000001,0.11039999999999994
0.8896000000000001,0.11039999999999994
0.8912,0.10880000000000001
0.8944,0.10560000000000003
0.9056000000000001,0.09439999999999993
0.912,0.08799999999999997
0.912,0.08799999999999997
0.912,0.08799999999999997
0.9136,0.08640000000000003
0.9312,0.06879999999999997
0.9344,0.06559999999999999
0.9424000000000001,0.057599999999999874
0.9456,0.054400000000000004
0.9584,0.04159999999999997
0.96,0.040000000000000036
0.9743999999999999,0.025600000000000067
1.0,0.0
